Identify,Gender
Yes,Male
Yes,Male
Yes,Male
Yes,Male
Yes,Male
Yes,Male
Yes,Male
Yes,Male
Yes,Male
Yes,Male
Yes,Male
Yes,Male
Yes,Male
Yes,Male
Yes,Male
Yes,Male
Yes,Male
Yes,Male
Yes,Male
Yes,Male
Yes,Male
Yes,Male
Yes,Male
Yes,Male
Yes,Male
Yes,Male
Yes,Male
Yes,Male
Yes,Male
Yes,Male
Yes,Male
Yes,Male
Yes,Male
Yes,Male
Yes,Male
Yes,Male
Yes,Male
Yes,Male
Yes,Male
Yes,Male
Yes,Male
Yes,Male
Yes,Male
Yes,Male
Yes,Male
Yes,Male
Yes,Male
Yes,Male
Yes,Male
Yes,Male
Yes,Male
Yes,Male
Yes,Male
Yes,Male
Yes,Male
Yes,Male
Yes,Male
Yes,Male
Yes,Male
Yes,Male
Yes,Male
Yes,Male
Yes,Male
Yes,Male
Yes,Male
Yes,Male
Yes,Male
Yes,Male
Yes,Male
Yes,Male
Yes,Male
Yes,Male
Yes,Male
Yes,Male
Yes,Male
Yes,Male
Yes,Male
Yes,Male
Yes,Male
Yes,Male
Yes,Male
Yes,Male
Yes,Male
Yes,Male
Yes,Male
Yes,Male
Yes,Male
Yes,Male
Yes,Male
Yes,Male
Yes,Male
Yes,Male
Yes,Male
Yes,Male
Yes,Male
No,Male
No,Male
No,Male
No,Male
No,Male
No,Male
No,Male
No,Male
No,Male
No,Male
No,Male
No,Male
No,Male
No,Male
No,Male
No,Male
No,Male
No,Male
No,Male
No,Male
No,Male
No,Male
No,Male
No,Male
No,Male
No,Male
No,Male
No,Male
No,Male
No,Male
No,Male
No,Male
No,Male
No,Male
No,Male
No,Male
No,Male
No,Male
No,Male
No,Male
No,Male
No,Male
No,Male
No,Male
No,Male
No,Male
No,Male
No,Male
No,Male
No,Male
Yes,Female
Yes,Female
Yes,Female
Yes,Female
Yes,Female
Yes,Female
Yes,Female
Yes,Female
Yes,Female
Yes,Female
Yes,Female
Yes,Female
Yes,Female
Yes,Female
Yes,Female
Yes,Female
Yes,Female
Yes,Female
Yes,Female
Yes,Female
Yes,Female
Yes,Female
Yes,Female
Yes,Female
Yes,Female
Yes,Female
Yes,Female
Yes,Female
Yes,Female
Yes,Female
Yes,Female
Yes,Female
Yes,Female
Yes,Female
Yes,Female
Yes,Female
Yes,Female
Yes,Female
Yes,Female
Yes,Female
Yes,Female
No,Female
No,Female
No,Female
No,Female
No,Female
No,Female
No,Female
No,Female
No,Female
No,Female
No,Female
No,Female
No,Female
No,Female
No,Female
No,Female
No,Female
No,Female
No,Female
No,Female
No,Female
No,Female
No,Female
No,Female
No,Female
No,Female
No,Female
No,Female
No,Female
No,Female
No,Female
No,Female
No,Female
No,Female
No,Female
No,Female
No,Female
No,Female
No,Female
No,Female
No,Female
No,Female
No,Female
No,Female
No,Female
No,Female
No,Female
No,Female
No,Female
No,Female
No,Female
No,Female
No,Female
No,Female
No,Female
No,Female
No,Female
No,Female
No,Female
No,Female
No,Female
No,Female
No,Female
No,Female
No,Female
No,Female
No,Female
No,Female
No,Female
No,Female
No,Female
No,Female
No,Female
No,Female
No,Female
No,Female
No,Female
No,Female
No,Female
No,Female
No,Female
No,Female
No,Female
No,Female
No,Female
No,Female
No,Female
No,Female
No,Female
No,Female
No,Female
No,Female
No,Female
No,Female
No,Female
No,Female
No,Female
No,Female
No,Female
No,Female
No,Female
No,Female
No,Female
No,Female
No,Female
No,Female
No,Female
No,Female
No,Female
No,Female
No,Female
No,Female
No,Female
No,Female
